time,quite,jail,active,nCopsInjured,nAgentInjured,flag time
0,1120,0,0
1,570,44,503,4,3,0
2,292,93,732,13,3,0
3,298,125,695,24,2,0
4,296,151,671,33,2,1
5,296,165,657,42,2,2
6,294,175,649,43,2,3
7,300,181,637,44,2,4
8,300,189,630,41,1,5
9,298,195,626,44,1,6
10,306,198,616,35,0,7
11,299,211,610,35,0,8
12,299,224,597,32,0,0
13,300,241,579,32,0,0
14,302,254,564,33,0,1
15,306,262,552,35,0,2
16,319,251,550,37,0,3
17,307,254,559,39,0,4
18,307,257,556,36,0,5
19,307,263,550,36,0,6
20,305,269,546,39,0,7
21,306,271,543,33,0,8
22,311,276,533,33,0,9
23,308,281,531,36,0,10
24,305,289,526,31,0,0
25,307,297,516,31,0,0
26,312,303,505,28,0,0
27,304,316,500,29,0,0
28,309,326,485,35,0,1
29,302,336,482,38,0,2
30,307,338,475,42,0,3
31,320,325,475,39,0,4
32,315,320,485,34,0,5
33,303,334,483,29,0,0
34,313,338,469,31,0,0
35,315,341,464,29,0,0
36,310,349,461,29,0,0
37,312,353,455,32,0,0
38,303,358,459,41,0,1
39,318,350,452,40,0,2
40,316,342,462,40,0,3
41,318,330,472,46,0,4
42,312,321,487,40,0,5
43,313,315,492,40,0,6
44,308,316,496,36,0,7
45,309,314,497,36,0,8
46,313,313,494,30,0,0
47,316,314,490,28,0,0
48,320,315,485,29,0,0
49,314,317,489,36,0,1
50,319,307,494,40,0,2
51,315,301,504,41,0,3
52,310,295,515,39,0,4
53,310,290,520,39,0,5
54,311,289,520,37,0,6
55,313,284,523,41,0,7
56,310,283,527,37,0,8
57,312,279,529,43,0,9
58,313,277,530,35,0,10
59,310,279,531,35,0,11
60,310,279,531,35,0,12
61,310,279,531,35,0,13
62,310,279,531,35,0,14
63,311,278,531,35,0,15
64,311,278,531,35,0,16
65,311,278,531,35,0,17
66,311,278,531,35,0,18
67,311,278,531,35,0,19
68,311,278,531,35,0,20
69,311,278,531,35,0,21
70,311,278,531,35,0,22
71,311,278,531,35,0,23
72,311,278,531,35,0,24
73,311,278,531,35,0,25
74,311,278,531,35,0,26
75,311,278,531,35,0,27
76,311,278,531,35,0,28
77,311,278,531,35,0,29
78,311,278,531,35,0,30
79,311,278,531,35,0,31
80,311,278,531,35,0,32
81,311,278,531,35,0,33
82,311,278,531,35,0,34
83,310,278,532,35,0,35
84,310,278,532,35,0,36
85,309,278,533,35,0,37
86,309,278,533,35,0,38
87,309,278,533,35,0,39
88,309,278,533,35,0,40
89,309,278,533,35,0,41
90,309,278,533,35,0,42
91,309,278,533,35,0,43
92,309,278,533,35,0,44
93,309,278,533,35,0,45
94,309,278,533,35,0,46
95,309,278,533,35,0,47
96,309,279,532,35,0,48
97,309,279,532,35,0,49
98,309,279,532,35,0,50
99,309,279,532,35,0,51
100,309,279,532,35,0,52
101,309,279,532,35,0,53
102,309,279,532,35,0,54
103,309,279,532,35,0,55
104,309,279,532,35,0,56
105,309,279,532,35,0,57
106,309,279,532,35,0,58
107,309,279,532,35,0,59
108,309,279,532,35,0,60
109,309,279,532,35,0,61
110,309,279,532,35,0,62
111,309,279,532,35,0,63
112,309,279,532,35,0,64
113,309,279,532,35,0,65
114,309,279,532,35,0,66
115,309,279,532,35,0,67
116,309,279,532,35,0,68
117,309,279,532,35,0,69
118,309,279,532,35,0,70
119,309,279,532,35,0,71
120,309,279,532,35,0,72
121,309,279,532,35,0,73
122,309,279,532,35,0,74
123,309,279,532,35,0,75
124,309,279,532,35,0,76
125,309,279,532,35,0,77
126,309,279,532,35,0,78
127,309,279,532,35,0,79
128,309,279,532,35,0,80
129,309,279,532,34,0,81
130,309,279,532,34,0,82
131,309,279,532,34,0,83
132,309,279,532,34,0,84
133,309,279,532,34,0,85
134,309,279,532,34,0,86
135,309,279,532,34,0,87
136,309,279,532,34,0,88
137,309,279,532,34,0,89
138,309,279,532,34,0,90
139,309,279,532,34,0,91
140,309,279,532,34,0,92
141,309,279,532,34,0,93
142,309,279,532,34,0,94
143,309,279,532,34,0,95
144,309,279,532,34,0,96
145,309,279,532,34,0,97
146,309,279,532,34,0,98
147,309,279,532,34,0,99
148,309,279,532,34,0,100
149,309,279,532,34,0,101
150,309,279,532,34,0,102
151,309,279,532,34,0,103
152,309,279,532,34,0,104
153,309,279,532,34,0,105
154,309,279,532,34,0,106
155,309,279,532,34,0,107
156,309,279,532,34,0,108
157,309,279,532,34,0,109
158,309,279,532,34,0,110
159,309,279,532,34,0,111
160,309,279,532,34,0,112
161,309,279,532,34,0,113
162,309,279,532,34,0,114
163,309,279,532,34,0,115
164,309,279,532,34,0,116
165,309,279,532,34,0,117
166,309,279,532,34,0,118
167,309,279,532,34,0,119
168,309,279,532,34,0,120
169,309,279,532,34,0,121
170,309,279,532,34,0,122
171,309,279,532,34,0,123
172,309,279,532,34,0,124
173,309,279,532,34,0,125
174,309,279,532,34,0,126
175,309,279,532,34,0,127
176,309,279,532,34,0,128
177,309,279,532,34,0,129
178,310,279,531,34,0,130
179,310,279,531,34,0,131
180,310,279,531,34,0,132
181,310,279,531,34,0,133
182,310,279,531,34,0,134
183,310,279,531,34,0,135
184,310,279,531,34,0,136
185,310,279,531,34,0,137
186,310,279,531,34,0,138
187,310,279,531,34,0,139
188,310,279,531,34,0,140
189,310,279,531,34,0,141
190,310,279,531,34,0,142
191,310,279,531,34,0,143
192,310,279,531,34,0,144
193,310,279,531,34,0,145
194,310,279,531,34,0,146
195,310,279,531,34,0,147
196,310,279,531,34,0,148
197,310,279,531,34,0,149
198,310,279,531,34,0,150
199,310,279,531,34,0,151
200,310,279,531,34,0,152
201,310,280,530,34,0,153
202,310,280,530,34,0,154
203,310,280,530,34,0,155
204,310,280,530,34,0,156
205,310,280,530,34,0,157
206,310,280,530,34,0,158
207,310,280,530,34,0,159
208,310,280,530,34,0,160
209,310,280,530,34,0,161
210,310,280,530,34,0,162
211,310,280,530,34,0,163
212,310,280,530,34,0,164
213,310,280,530,34,0,165
214,310,280,530,34,0,166
215,310,280,530,34,0,167
216,310,280,530,34,0,168
217,310,280,530,34,0,169
218,310,280,530,34,0,170
219,311,279,530,34,0,171
220,311,279,530,34,0,172
221,312,279,529,34,0,173
222,312,279,529,34,0,174
223,312,279,529,34,0,175
224,312,279,529,34,0,176
225,312,279,529,34,0,177
226,312,279,529,34,0,178
227,312,279,529,34,0,179
228,312,279,529,35,0,180
229,312,279,529,35,0,181
230,312,279,529,35,0,182
231,312,279,529,35,0,183
232,312,279,529,35,0,184
233,312,279,529,35,0,185
234,312,279,529,35,0,186
235,312,279,529,35,0,187
236,312,279,529,35,0,188
237,311,279,530,35,0,189
238,311,279,530,35,0,190
239,311,279,530,35,0,191
240,311,279,530,35,0,192
241,311,279,530,35,0,193
242,311,279,530,35,0,194
243,311,279,530,35,0,195
244,311,279,530,35,0,196
245,311,279,530,35,0,197
246,311,279,530,35,0,198
247,311,279,530,35,0,199
248,311,279,530,35,0,200
249,312,278,530,35,0,201
250,312,278,530,35,0,202
251,312,278,530,35,0,203
252,312,278,530,35,0,204
253,312,278,530,35,0,205
254,312,278,530,35,0,206
255,312,278,530,35,0,207
256,312,278,530,35,0,208
257,311,278,531,35,0,209
258,311,278,531,35,0,210
259,311,278,531,35,0,211
260,311,278,531,35,0,212
261,311,278,531,35,0,213
262,311,278,531,35,0,214
263,311,278,531,35,0,215
264,311,278,531,35,0,216
265,311,278,531,35,0,217
266,311,278,531,35,0,218
267,311,278,531,35,0,219
268,311,278,531,35,0,220
269,311,278,531,35,0,221
270,311,278,531,35,0,222
271,311,278,531,35,0,223
272,311,278,531,35,0,224
273,311,278,531,34,0,225
274,311,278,531,34,0,226
275,310,278,532,34,0,227
276,310,278,532,34,0,228
277,310,278,532,34,0,229
278,310,278,532,34,0,230
279,311,277,532,34,0,231
280,311,277,532,34,0,232
281,311,277,532,34,0,233
282,311,277,532,34,0,234
283,311,277,532,34,0,235
284,311,277,532,34,0,236
285,311,277,532,34,0,237
286,311,277,532,34,0,238
287,311,277,532,34,0,239
288,311,277,532,34,0,240
289,311,277,532,34,0,241
290,311,277,532,34,0,242
291,311,277,532,34,0,243
292,311,277,532,34,0,244
293,311,277,532,34,0,245
294,311,277,532,34,0,246
295,311,277,532,34,0,247
296,311,277,532,34,0,248
297,311,277,532,34,0,249
298,311,277,532,34,0,250
299,311,277,532,34,0,251
300,311,277,532,34,0,252
301,311,277,532,34,0,253
302,311,277,532,34,0,254
303,311,277,532,34,0,255
304,311,277,532,34,0,256
305,311,277,532,34,0,257
306,311,277,532,34,0,258
307,311,277,532,34,0,259
308,311,277,532,34,0,260
309,311,277,532,34,0,261
310,311,277,532,34,0,262
311,311,277,532,34,0,263
312,311,277,532,34,0,264
313,311,277,532,34,0,265
314,311,278,531,34,0,266
315,311,278,531,34,0,267
316,311,278,531,34,0,268
317,311,278,531,34,0,269
318,311,278,531,34,0,270
319,311,278,531,34,0,271
320,311,278,531,34,0,272
321,311,278,531,34,0,273
322,311,278,531,34,0,274
323,311,278,531,34,0,275
324,311,278,531,34,0,276
325,311,278,531,34,0,277
326,311,278,531,34,0,278
327,311,278,531,34,0,279
328,311,278,531,34,0,280
329,311,278,531,34,0,281
330,311,278,531,34,0,282
331,311,278,531,34,0,283
332,311,278,531,34,0,284
333,311,278,531,34,0,285
334,311,278,531,34,0,286
335,311,278,531,34,0,287
336,311,278,531,34,0,288
337,311,278,531,34,0,289
338,311,278,531,34,0,290
339,311,278,531,34,0,291
340,311,278,531,34,0,292
341,311,278,531,34,0,293
342,311,278,531,34,0,294
343,311,278,531,34,0,295
344,311,278,531,34,0,296
345,311,278,531,34,0,297
346,311,278,531,34,0,298
347,311,278,531,34,0,299
348,311,278,531,34,0,300
349,311,278,531,34,0,301
350,311,278,531,34,0,302
351,311,278,531,34,0,303
352,311,278,531,34,0,304
353,311,278,531,34,0,305
354,311,278,531,34,0,306
355,311,278,531,34,0,307
356,311,278,531,34,0,308
357,310,278,532,34,0,309
358,310,278,532,34,0,310
359,310,278,532,34,0,311
360,310,278,532,34,0,312
361,309,278,533,34,0,313
362,309,278,533,34,0,314
363,309,278,533,34,0,315
364,309,278,533,34,0,316
365,309,278,533,34,0,317
366,309,278,533,34,0,318
367,309,278,533,34,0,319
368,309,278,533,34,0,320
369,309,278,533,34,0,321
370,309,278,533,34,0,322
371,309,278,533,34,0,323
372,310,277,533,34,0,324
373,310,277,533,34,0,325
374,310,277,533,34,0,326
375,310,277,533,34,0,327
376,311,276,533,34,0,328
377,311,276,533,34,0,329
378,311,276,533,34,0,330
379,311,276,533,34,0,331
380,311,276,533,34,0,332
381,311,276,533,34,0,333
382,311,276,533,34,0,334
383,311,276,533,34,0,335
384,311,276,533,34,0,336
385,311,276,533,34,0,337
386,311,276,533,34,0,338
387,311,276,533,34,0,339
388,311,276,533,34,0,340
389,311,276,533,34,0,341
390,311,276,533,34,0,342
391,311,276,533,34,0,343
392,311,276,533,34,0,344
393,311,276,533,34,0,345
394,311,276,533,34,0,346
395,311,276,533,34,0,347
396,311,276,533,35,0,348
397,311,276,533,35,0,349
398,311,276,533,35,0,350
399,311,276,533,35,0,351
400,311,276,533,35,0,352
401,311,276,533,35,0,353
402,311,276,533,35,0,354
403,311,276,533,35,0,355
404,311,276,533,35,0,356
405,311,276,533,35,0,357
406,311,276,533,35,0,358
407,311,276,533,35,0,359
408,311,276,533,35,0,360
409,311,276,533,35,0,361
410,311,276,533,35,0,362
411,311,276,533,35,0,363
412,311,276,533,35,0,364
413,311,276,533,35,0,365
414,311,276,533,35,0,366
415,311,276,533,35,0,367
416,311,276,533,35,0,368
417,311,276,533,35,0,369
418,311,276,533,35,0,370
419,311,276,533,35,0,371
420,311,276,533,35,0,372
421,311,276,533,35,0,373
422,310,276,534,35,0,374
423,310,276,534,35,0,375
424,310,276,534,35,0,376
425,310,276,534,35,0,377
426,310,276,534,35,0,378
427,310,276,534,35,0,379
428,310,276,534,35,0,380
429,311,275,534,35,0,381
430,311,275,534,35,0,382
431,311,275,534,35,0,383
432,311,275,534,35,0,384
433,311,275,534,35,0,385
434,311,275,534,35,0,386
435,311,275,534,35,0,387
436,311,275,534,35,0,388
437,310,275,535,35,0,389
438,310,275,535,35,0,390
439,310,275,535,35,0,391
440,310,275,535,35,0,392
441,310,275,535,35,0,393
442,309,275,536,35,0,394
443,309,275,536,35,0,395
444,309,275,536,35,0,396
445,309,275,536,35,0,397
446,309,275,536,35,0,398
447,309,275,536,35,0,399
448,309,275,536,35,0,400
449,309,275,536,35,0,401
450,309,275,536,35,0,402
451,309,275,536,35,0,403
452,309,275,536,35,0,404
453,309,276,535,35,0,405
454,309,276,535,35,0,406
455,309,276,535,35,0,407
456,309,276,535,35,0,408
457,309,276,535,35,0,409
458,309,276,535,35,0,410
459,309,276,535,35,0,411
460,309,276,535,35,0,412
461,309,276,535,35,0,413
462,309,276,535,35,0,414
463,309,276,535,35,0,415
464,309,276,535,35,0,416
465,309,276,535,35,0,417
466,309,276,535,35,0,418
467,309,276,535,35,0,419
468,309,276,535,35,0,420
469,309,276,535,35,0,421
470,309,276,535,35,0,422
471,309,276,535,35,0,423
472,309,276,535,35,0,424
473,309,276,535,35,0,425
474,309,276,535,35,0,426
475,309,276,535,35,0,427
476,309,276,535,35,0,428
477,309,276,535,35,0,429
478,309,276,535,35,0,430
479,309,276,535,35,0,431
480,310,275,535,35,0,432
481,310,275,535,35,0,433
482,310,275,535,35,0,434
483,309,275,536,35,0,435
484,309,275,536,35,0,436
485,309,275,536,35,0,437
486,309,275,536,35,0,438
487,309,275,536,35,0,439
488,309,275,536,35,0,440
489,309,275,536,35,0,441
490,309,275,536,35,0,442
491,309,275,536,35,0,443
492,309,275,536,35,0,444
493,309,275,536,35,0,445
494,309,275,536,35,0,446
495,309,275,536,35,0,447
496,309,275,536,35,0,448
497,309,275,536,35,0,449
498,309,275,536,35,0,450
499,309,275,536,35,0,451
500,309,275,536,35,0,452
501,309,275,536,35,0,453
502,309,275,536,35,0,454
503,309,275,536,36,0,455
504,309,275,536,36,0,456
505,309,275,536,36,0,457
506,309,275,536,36,0,458
507,309,275,536,36,0,459
508,309,275,536,36,0,460
509,309,275,536,36,0,461
510,309,275,536,36,0,462
511,309,275,536,36,0,463
512,309,275,536,36,0,464
513,309,275,536,36,0,465
514,309,275,536,36,0,466
515,309,275,536,36,0,467
516,309,275,536,36,0,468
517,309,275,536,36,0,469
518,309,275,536,36,0,470
519,309,275,536,36,0,471
520,309,275,536,36,0,472
521,309,275,536,36,0,473
522,309,275,536,36,0,474
523,309,275,536,36,0,475
524,309,275,536,36,0,476
525,309,275,536,36,0,477
526,309,275,536,36,0,478
527,309,275,536,36,0,479
528,309,275,536,36,0,480
529,309,275,536,36,0,481
530,309,275,536,36,0,482
531,309,275,536,36,0,483
532,309,275,536,36,0,484
533,309,275,536,36,0,485
534,308,275,537,36,0,486
535,308,275,537,36,0,487
536,308,275,537,36,0,488
537,308,275,537,36,0,489
538,308,275,537,36,0,490
539,308,275,537,36,0,491
540,308,275,537,36,0,492
541,308,275,537,36,0,493
542,308,275,537,36,0,494
543,308,275,537,36,0,495
544,308,275,537,36,0,496
545,308,275,537,36,0,497
546,308,275,537,36,0,498
547,308,275,537,36,0,499
548,308,275,537,36,0,500
549,308,275,537,36,0,501
550,308,275,537,36,0,502
551,308,275,537,36,0,503
552,308,275,537,36,0,504
553,308,275,537,36,0,505
554,308,275,537,36,0,506
555,308,275,537,36,0,507
556,308,275,537,36,0,508
557,308,275,537,36,0,509
558,308,275,537,36,0,510
559,308,275,537,36,0,511
560,308,275,537,36,0,512
561,308,275,537,36,0,513
562,308,275,537,36,0,514
563,308,275,537,36,0,515
564,308,275,537,36,0,516
565,308,275,537,36,0,517
566,308,275,537,36,0,518
567,308,275,537,36,0,519
568,308,275,537,36,0,520
569,308,275,537,36,0,521
570,308,275,537,36,0,522
571,308,275,537,36,0,523
572,308,275,537,36,0,524
573,308,275,537,37,0,525
574,308,275,537,37,0,526
575,308,275,537,37,0,527
576,308,275,537,37,0,528
577,308,275,537,37,0,529
578,308,275,537,37,0,530
579,308,275,537,37,0,531
580,308,275,537,37,0,532
581,308,275,537,37,0,533
582,308,275,537,37,0,534
583,308,275,537,37,0,535
584,308,275,537,37,0,536
585,308,275,537,37,0,537
586,308,275,537,37,0,538
587,308,275,537,37,0,539
588,308,275,537,37,0,540
589,308,275,537,37,0,541
590,308,275,537,37,0,542
591,308,275,537,37,0,543
592,307,275,538,37,0,544
593,306,275,539,37,0,545
594,306,275,539,37,0,546
595,306,275,539,37,0,547
596,306,275,539,37,0,548
597,306,275,539,37,0,549
598,306,275,539,37,0,550
599,306,275,539,37,0,551
600,306,275,539,37,0,552
601,306,275,539,37,0,553
602,306,275,539,37,0,554
603,306,275,539,37,0,555
604,306,275,539,37,0,556
605,306,275,539,37,0,557
606,306,275,539,37,0,558
607,306,275,539,37,0,559
608,306,275,539,37,0,560
609,306,275,539,37,0,561
610,306,275,539,37,0,562
611,306,275,539,37,0,563
612,306,275,539,37,0,564
613,306,275,539,37,0,565
614,306,275,539,37,0,566
615,306,275,539,37,0,567
616,306,275,539,37,0,568
617,306,275,539,37,0,569
618,306,275,539,37,0,570
619,306,275,539,37,0,571
620,306,275,539,37,0,572
621,306,275,539,37,0,573
622,306,275,539,37,0,574
623,306,275,539,37,0,575
624,306,275,539,37,0,576
625,306,275,539,37,0,577
626,306,275,539,37,0,578
627,306,275,539,37,0,579
628,306,275,539,37,0,580
629,306,275,539,37,0,581
630,306,275,539,37,0,582
631,306,275,539,37,0,583
632,306,275,539,37,0,584
633,306,275,539,37,0,585
634,306,275,539,37,0,586
635,306,275,539,37,0,587
636,306,275,539,37,0,588
637,306,275,539,37,0,589
638,306,275,539,37,0,590
639,306,275,539,37,0,591
640,306,275,539,37,0,592
641,306,275,539,37,0,593
642,306,275,539,37,0,594
643,306,275,539,37,0,595
644,305,275,540,37,0,596
645,305,275,540,37,0,597
646,305,275,540,37,0,598
647,305,275,540,37,0,599
648,305,275,540,37,0,600
649,305,275,540,37,0,601
650,305,275,540,37,0,602
651,305,275,540,37,0,603
652,305,275,540,37,0,604
653,305,275,540,37,0,605
654,305,275,540,37,0,606
655,305,275,540,37,0,607
656,305,275,540,37,0,608
657,305,275,540,37,0,609
658,305,275,540,37,0,610
659,305,275,540,37,0,611
660,305,275,540,37,0,612
661,305,275,540,37,0,613
662,305,275,540,37,0,614
663,305,275,540,37,0,615
664,305,275,540,37,0,616
665,305,275,540,37,0,617
666,305,275,540,37,0,618
667,305,275,540,37,0,619
668,305,275,540,37,0,620
669,305,275,540,37,0,621
670,305,275,540,37,0,622
671,305,275,540,37,0,623
672,305,275,540,37,0,624
673,305,275,540,37,0,625
674,305,275,540,37,0,626
675,305,275,540,37,0,627
676,305,275,540,37,0,628
677,305,275,540,37,0,629
678,305,275,540,37,0,630
679,305,275,540,37,0,631
680,305,275,540,37,0,632
681,305,275,540,37,0,633
682,305,275,540,37,0,634
683,305,275,540,37,0,635
684,305,275,540,37,0,636
685,305,275,540,37,0,637
686,305,275,540,37,0,638
687,305,275,540,37,0,639
688,305,275,540,37,0,640
689,305,275,540,37,0,641
690,305,275,540,37,0,642
691,305,275,540,37,0,643
692,305,275,540,37,0,644
693,305,275,540,37,0,645
694,305,275,540,37,0,646
695,305,275,540,37,0,647
696,305,275,540,37,0,648
697,305,275,540,37,0,649
698,305,275,540,37,0,650
699,305,275,540,37,0,651
700,305,275,540,38,0,652
701,305,275,540,38,0,653
702,305,275,540,38,0,654
703,305,275,540,38,0,655
704,305,275,540,38,0,656
705,305,275,540,38,0,657
706,305,275,540,38,0,658
707,305,275,540,38,0,659
708,305,275,540,38,0,660
709,305,275,540,38,0,661
710,305,275,540,38,0,662
711,305,275,540,38,0,663
712,305,275,540,38,0,664
713,305,275,540,38,0,665
714,305,275,540,38,0,666
715,305,275,540,38,0,667
716,305,276,539,38,0,668
717,305,276,539,38,0,669
718,305,276,539,38,0,670
719,305,276,539,38,0,671
720,305,276,539,38,0,672
721,305,276,539,38,0,673
722,305,276,539,38,0,674
723,305,276,539,38,0,675
724,305,276,539,37,0,676
725,305,276,539,37,0,677
726,305,276,539,37,0,678
727,305,276,539,37,0,679
728,306,275,539,37,0,680
729,306,275,539,37,0,681
730,306,275,539,37,0,682
731,306,275,539,37,0,683
732,306,275,539,37,0,684
733,306,275,539,37,0,685
734,306,275,539,37,0,686
735,306,275,539,37,0,687
736,306,275,539,37,0,688
737,306,275,539,37,0,689
738,306,275,539,36,0,690
739,306,275,539,36,0,691
740,306,275,539,36,0,692
741,306,275,539,36,0,693
742,306,275,539,36,0,694
743,306,275,539,36,0,695
744,306,275,539,36,0,696
745,306,275,539,36,0,697
746,306,275,539,36,0,698
747,306,275,539,36,0,699
748,306,275,539,36,0,700
749,306,275,539,36,0,701
750,306,275,539,36,0,702
751,306,275,539,36,0,703
752,306,275,539,36,0,704
753,306,275,539,36,0,705
754,306,275,539,36,0,706
755,306,275,539,36,0,707
756,306,275,539,36,0,708
757,306,275,539,36,0,709
758,306,275,539,36,0,710
759,306,275,539,36,0,711
760,306,275,539,36,0,712
761,306,275,539,36,0,713
762,306,275,539,36,0,714
763,306,275,539,36,0,715
764,307,274,539,36,0,716
765,307,274,539,36,0,717
766,307,274,539,36,0,718
767,307,274,539,36,0,719
768,307,274,539,36,0,720
769,307,274,539,36,0,721
770,307,274,539,36,0,722
771,307,274,539,36,0,723
772,307,274,539,36,0,724
773,307,274,539,36,0,725
774,308,274,538,36,0,726
775,308,274,538,36,0,727
776,308,274,538,36,0,728
777,308,274,538,36,0,729
778,308,274,538,36,0,730
779,308,274,538,36,0,731
780,308,274,538,36,0,732
781,308,274,538,36,0,733
782,308,274,538,36,0,734
783,308,274,538,36,0,735
784,308,274,538,36,0,736
785,308,274,538,36,0,737
786,308,274,538,36,0,738
787,308,274,538,36,0,739
788,309,273,538,36,0,740
789,309,273,538,36,0,741
790,309,273,538,36,0,742
791,309,273,538,36,0,743
792,309,273,538,36,0,744
793,309,273,538,36,0,745
794,309,273,538,36,0,746
795,309,273,538,36,0,747
796,309,273,538,36,0,748
797,309,273,538,36,0,749
798,309,273,538,36,0,750
799,309,273,538,36,0,751
800,309,273,538,36,0,752
801,309,273,538,36,0,753
802,309,273,538,36,0,754
803,309,273,538,36,0,755
804,309,273,538,36,0,756
805,309,273,538,36,0,757
806,309,273,538,36,0,758
807,309,273,538,36,0,759
808,309,273,538,36,0,760
809,309,273,538,36,0,761
810,309,273,538,36,0,762
811,309,273,538,36,0,763
812,309,273,538,36,0,764
813,309,273,538,36,0,765
814,309,273,538,36,0,766
815,309,273,538,36,0,767
816,309,273,538,36,0,768
817,309,273,538,36,0,769
818,309,273,538,36,0,770
819,309,273,538,36,0,771
820,309,273,538,36,0,772
821,309,273,538,36,0,773
822,309,273,538,36,0,774
823,309,273,538,36,0,775
824,309,273,538,36,0,776
825,309,273,538,36,0,777
826,309,273,538,36,0,778
827,309,273,538,36,0,779
828,309,273,538,36,0,780
829,309,273,538,36,0,781
830,309,273,538,36,0,782
831,309,273,538,36,0,783
832,309,273,538,36,0,784
833,309,273,538,36,0,785
834,309,273,538,36,0,786
835,309,273,538,36,0,787
836,309,273,538,36,0,788
837,309,273,538,36,0,789
838,309,273,538,36,0,790
839,309,273,538,36,0,791
840,309,273,538,36,0,792
841,309,273,538,36,0,793
842,308,273,539,36,0,794
843,308,273,539,36,0,795
844,308,273,539,36,0,796
845,308,273,539,36,0,797
846,308,273,539,36,0,798
847,308,273,539,36,0,799
848,308,273,539,36,0,800
849,308,273,539,36,0,801
850,308,273,539,36,0,802
851,308,273,539,36,0,803
852,308,273,539,36,0,804
853,308,273,539,35,0,805
854,308,273,539,35,0,806
855,308,273,539,35,0,807
856,308,273,539,35,0,808
857,308,273,539,35,0,809
858,308,273,539,35,0,810
859,308,273,539,35,0,811
860,308,273,539,35,0,812
861,308,273,539,35,0,813
862,308,274,538,35,0,814
863,308,274,538,35,0,815
864,308,274,538,35,0,816
865,308,274,538,35,0,817
866,308,274,538,35,0,818
867,308,275,537,35,0,819
868,308,275,537,35,0,820
869,308,275,537,35,0,821
870,308,275,537,35,0,822
871,308,275,537,35,0,823
872,309,274,537,35,0,824
873,309,274,537,35,0,825
874,309,274,537,35,0,826
875,309,274,537,35,0,827
876,309,274,537,35,0,828
877,309,274,537,35,0,829
878,309,274,537,35,0,830
879,309,274,537,35,0,831
880,309,274,537,35,0,832
881,309,274,537,35,0,833
882,309,274,537,35,0,834
883,309,274,537,35,0,835
884,309,274,537,35,0,836
885,309,274,537,35,0,837
886,309,274,537,35,0,838
887,309,274,537,35,0,839
888,309,274,537,35,0,840
889,308,274,538,35,0,841
890,308,274,538,35,0,842
891,308,274,538,35,0,843
892,308,274,538,35,0,844
893,308,274,538,35,0,845
894,308,274,538,35,0,846
895,308,274,538,35,0,847
896,308,274,538,35,0,848
897,308,275,537,35,0,849
898,308,275,537,35,0,850
899,308,275,537,35,0,851
900,308,275,537,35,0,852
901,308,275,537,35,0,853
902,308,275,537,35,0,854
903,308,275,537,35,0,855
904,308,275,537,35,0,856
905,308,275,537,35,0,857
906,308,275,537,35,0,858
907,308,275,537,35,0,859
908,308,275,537,35,0,860
909,308,275,537,35,0,861
910,308,275,537,35,0,862
911,308,275,537,35,0,863
912,308,275,537,35,0,864
913,308,275,537,35,0,865
914,308,275,537,35,0,866
915,308,275,537,35,0,867
916,308,275,537,35,0,868
917,308,275,537,35,0,869
918,308,275,537,35,0,870
919,308,275,537,35,0,871
920,308,275,537,35,0,872
921,308,275,537,35,0,873
922,308,275,537,35,0,874
923,308,275,537,35,0,875
924,308,275,537,35,0,876
925,309,274,537,35,0,877
926,309,274,537,35,0,878
927,309,274,537,35,0,879
928,309,274,537,35,0,880
929,309,274,537,35,0,881
930,309,274,537,35,0,882
931,309,274,537,35,0,883
932,309,274,537,35,0,884
933,309,274,537,35,0,885
934,309,274,537,35,0,886
935,309,274,537,35,0,887
936,309,274,537,35,0,888
937,309,274,537,35,0,889
938,309,274,537,35,0,890
939,309,274,537,35,0,891
940,309,274,537,35,0,892
941,309,274,537,35,0,893
942,309,274,537,35,0,894
943,308,274,538,35,0,895
944,308,274,538,35,0,896
945,308,274,538,35,0,897
946,308,274,538,35,0,898
947,308,274,538,35,0,899
948,308,274,538,35,0,900
949,309,273,538,35,0,901
950,309,273,538,35,0,902
951,308,273,539,35,0,903
952,308,273,539,35,0,904
953,307,273,540,35,0,905
954,307,273,540,35,0,906
955,307,273,540,35,0,907
956,307,273,540,35,0,908
957,307,273,540,35,0,909
958,307,273,540,35,0,910
959,307,273,540,35,0,911
960,307,273,540,35,0,912
961,307,273,540,35,0,913
962,307,273,540,35,0,914
963,307,273,540,35,0,915
964,307,273,540,35,0,916
965,307,273,540,35,0,917
966,307,273,540,35,0,918
967,307,273,540,35,0,919
968,307,273,540,35,0,920
969,307,273,540,35,0,921
970,307,273,540,35,0,922
971,307,273,540,35,0,923
972,307,273,540,35,0,924
973,307,273,540,35,0,925
974,307,273,540,35,0,926
975,307,273,540,35,0,927
976,307,273,540,35,0,928
977,307,273,540,35,0,929
978,307,273,540,35,0,930
979,307,273,540,35,0,931
980,307,273,540,35,0,932
981,307,273,540,35,0,933
982,307,273,540,35,0,934
983,307,273,540,35,0,935
984,307,273,540,35,0,936
985,306,273,541,35,0,937
986,306,273,541,35,0,938
987,306,273,541,35,0,939
988,306,273,541,35,0,940
989,306,273,541,35,0,941
990,306,273,541,35,0,942
991,306,273,541,35,0,943
992,306,273,541,35,0,944
993,306,273,541,35,0,945
994,306,273,541,35,0,946
995,306,273,541,35,0,947
996,306,273,541,35,0,948
997,306,273,541,35,0,949
998,306,273,541,35,0,950
999,305,273,542,35,0,951
1000,305,273,542,35,0,952
Rebellion:true